topic,file,gold
BIDDUT DAM,BIDDUT DAM_A,"টাইলস বাজারে দেশের অন্যতম প্রতিষ্ঠান আরএকে সিরামিকস গ্যাস সংকটে দুইভাগে ভুগছে। টাইলস উৎপাদনে গ্যাসের সংকট হচ্ছে। গ্যাসের সংকট হওয়ার অন্যতম কারণ হচ্ছে প্রয়োজন অনুযায়ী বিদ্যুৎ উৎপাদন হচ্ছেনা। সন্ধ্যার পর গ্যাসের চাপ চাহিদা অনুযায়ী খুবই থাকে বলে জানান আরএকে কোম্পানির সচিব মোহাম্মদ শহীদুল ইসলাম। অরএকে সিরামিকস এবং বিএসআরএমের মতোন শিল্পকারখানায় গ্যাস ও বিদ্যুতের সংকট দেখা দিচ্ছে।এই সমস্যা খুব শীগ্রই ঠিক না হলে রপ্তানি ক্ষেত্রে অনেক বেধা ঘটতে পারে বলে জানিয়েছেন রপ্তানিকারকরা।ইউক্রেন রাশিয়ার যুদ্ধের জন্য নিত্যপণ্যের দাম বিশ্ববাজারে অনেক বেড়েছে।  আমদানি খরচ বেড়েছে সেই সাথে ডলার দাম বাড়াতে প্রবাসী আয় কমে গিয়েছে। ২০২১-২০২২ অর্থ বছরে প্রবাসী আয় ৫হাজার২০৮ কোটি রপ্তানি দেশে এসেছে যা আগের বছরের চেয়ে ৩৪শতাংশ বেশি।নরসিংদী, নারায়ণগঞ্জের আড়াইহাজার, গাজীপুরের বস্ত্রকল গুলো বিদ্যুৎ সংকটে পড়েছে বলে জানান বিটিএমার সভাপতি মোহাম্মদ আলী। গ্যাসের চাপ কম থাকতে বস্ত্র তৈরিতে দেরি হচ্ছে যার জন্য রপ্তানি নিধারিত সময়ের মধ্যে করতে পারছে না রপ্তানিকারকেরা।  গ্যাস সংকট খুব শীগ্রই সমাধান না হলে ভয়াবহ বেঘাতের মধ্যে পড়বে শিল্পখাত। শিক্ষামন্ত্রী দীপুমনি সংবাদ সম্মেলনে বলেন রাশিয়া ইউক্রেন যুদ্ধের কারণে জ্বালানির দাম অনেক বেড়ে গেছে যার জন্য দ্বিগুণ দাম দিয়ে জ্বালানি কিনে বিদ্যুৎ উৎপাদন করা লাগছে। বাংলাদেশ ব্যাংক সব ব্যাংকে নির্দেশ দিয়েছে বিদ্যুতের ব্যাবহার কমিয়ে দিতে। বিদ্যুৎ এবং জ্বালানি কতটুকু খরচ হয়েছে তা তথ্য ও দলিলপত্র আর্থিক প্রতিবেদনে জমা দেওয়ার নির্দেশ দিয়েছে বাংলাদেশ ব্যাংক।"
BIDDUT DAM,BIDDUT DAM_B,"বিশ্বব্যাপী জ্বালানি সরবরাহ কমের কারণে দোকান, শপিং মল, মার্কেট ও কাচা বাজারে রাত ৮টার পর বিদ্যুৎ ও গ্যাসের ব্যাবহার বন্ধ রাখার উদ্যোগ নিয়েছে সরকার। নারায়ণগঞ্জ বন্দর উপজেলাতে গ্যাস সরবরাহ বন্ধ রয়েছে প্রায় একমাস ধরে। কার্টনের রপ্তানির কাজ করে বাসার পেপার মিল। চাহিদা অনুযায়ী গ্যাসের সরবরাহ অনেক কম ।দেশের পাঁচ শিল্পকারখানা বিদ্যুৎ ও গ্যাসের সংকটে পড়েছে। গ্যাসের চাপ চাহিদা অনুযায়ী কম হওয়ায় ও লোড শেডিং হওয়ায় পণ্য উৎপাদন ৫০ শতাংশের কম হয়ে গিয়েছে।টেক্সটাইল মিলের পরিচালক আবদুল্লাহ আল মামুন বলেন অন্তত ২/৩ ঘণ্টা বিদ্যুৎ থাকছে না যার জন্য ১টা শিফট বন্ধ রাখতে হচ্ছে। ক্ষুদ্র ও মাঝারি কারখানা গুলো ক্ষতির সম্মুখীন হয়েছে। কারখানার গুলো বেশিরভাগই গ্যাস নির্ভর। সব মিলে কারখানা আছে ২ হাজার ১৬৫ তার মধ্যে পোশাকের কারখানা আছে ১ হাজার ১৮৭টি। বিদ্যুত ও গ্যাসের সংকটের কারণে কারখানার পোশাকের উৎপাদন অর্ধেক কমে গিয়েছে এবং গ্যাসের অভাবে ডায়িং কারখানা সময়মতো কাপড় দিতে পারছে না। গাজীপুরে তিতাস ব্যাবস্থাপক মো রেদানুজ্জামান রেদওয়ান বলেছেন গাজীপুরে যে পরিমান গ্যাস চাহিদা থাকে ওই পরিমাণে পাওয়া যায় না। কারখানা গুলাতে গ্যাস সরবরাহ কখনো বন্ধ থাকে না কিন্তু  গ্যাস কম পাওয়ার কারণে চাপ কম থাকে। ময়মনসিংহের ভালুকা উপজেলায় ৩৫০ কারখানা রয়েছে কিন্তু ৮-৯ ঘণ্টা করে ইলেক্ট্রিসিটি থাকছে না বলে জানান উদ্যোক্তরা। তাতে ৩০-৪০ শতাংশ করে উৎপাদন কমেছে। ইকরাম ওয়েটার নামের এক কারখানার কর্মকর্তা জানান বিদ্যুৎ খরচ কমানোর জন্য প্রতিদিন ১হাজার ২০০ এবং দিনে ৬০০  মেশিন বন্ধ রাখা হচ্ছে। এতে ৩৫ শতাংশ উৎপাদন কমেছে ।"
BRETAIN_ELECTION,BRETAIN_ELECTION_A,পার্টিগেট কেলেঙ্কারির কারণে বিরোধিতার মুখে পড়ে জুলাই মাসে দলীয় নেতৃত্ব থেকে পদত্যাগ করেন ব্রিটিশ প্রধানমন্ত্রী জনসন। তারপরই কনজারভেটিভ পার্টির নতুন নেতা নির্বাচনের প্রক্রিয়া শুরু হয়।কনজারভেটিভ পার্টির নতুন প্রধান রাণী এলিজাবেথের সঙ্গে সাক্ষাৎ করেন এবং রাণী ক্ষমতাসীন দলটির নতুন প্রধানকে সরকার গঠন করার আহ্বান জানান।প্রায় দুমাস ধরে চলা নেতা নির্বাচনের প্রক্রিয়ায় চূড়ান্ত ধাপের প্রতিদ্বন্দ্বিতায় ছিলেন পররাষ্ট্রমন্ত্রী লিজ ট্রাস এবং সাবেক চ্যান্সেলর ঋষি সুনাক।নিয়মানুযায়ী যুক্তরাজ্যে কোনও প্রধানমন্ত্রী তার মেয়াদকাল পূরণের আগেই পদত্যাগ ঘোষণা করলে সাধারণ নির্বাচন ডাকা হয় না। ক্ষমতাসীন দলের সদস্যরা তাদের নতুন নেতা বেছে নেন।ভোটের মাধ্যমে পররাষ্ট্রমন্ত্রী ট্রাস প্রধানমন্ত্রী নির্বাচিত হন।তত্ত্বাবধায়ক প্রধানমন্ত্রী বরিস জনসন রাণী এলিজাবেথের নিকট গিয়ে আনুষ্ঠানিকভাবে পদত্যাগ ঘোষণা করেন।এরপরই ট্রাসকে নতুন প্রধানমন্ত্রী নিয়োগ করেন কুইন এলিজাবেথ। কিন্তু দেশটির টালমাটাল পরিস্থিতি সামাল দিতে না পেরে গত ২০ অক্টোবর পদত্যাগ করেন। ফলে ব্রিটেনের প্রধানমন্ত্রী নির্বাচিত হন ঋষি সুনাক।বরিস জনসন চাইবেন দলের নেতৃত্ব ফিরে পেতে আবার সেই কারণেই ঋষি সুনাকের পদে পদে আটকে দেওয়ার চেষ্টা করবে বরিস ও তার সমর্থক গোষ্ঠী।যার ফলে বলা যায় আগামী নির্বাচনের আগ পর্যন্ত বরিস ও ঋষি সুনাকের মধ্যে একটি স্নায়ু যুদ্ধ চলবে।তাৎক্ষণিকভাবে সবকিছু মিলিয়ে সুনাকের পক্ষে দুই বছরের অধিক কাল ক্ষমতা টিকিয়ে রাখা যে কঠিন হবে তাতে কোন সন্দেহ নেই।
BRETAIN_ELECTION,BRETAIN_ELECTION_B,"বিনা প্রতিদ্বন্দ্বিতায় ব্রিটেনের প্রধানমন্ত্রী নির্বাচিত হলেন প্রথম ভারতীয় বংশোদ্ভুত ঋষি সুনাক। আগামী ২৮ অক্টোবর তাঁর শপথগ্রহণ করার কথা রয়েছে। ১০০ জন সাংসদের সমর্থন প্রয়োজন হলেও প্রধানমন্ত্রী পদে লড়তে ঋষি সুনাক এর পক্ষে ছিল। দেড় শতাধিক সাংসদ। এই খবরে ভারতবাসী অনেক উচ্ছ্বসিত।গত ২০ অক্টোবর প্রধানমন্ত্রীর পদ থেকে পদত্যাগ করেন কনজারভেটিভ পার্টির নেত্রী লিজ ট্রাস। এর পর থেকে জল্পনা কল্পনা চলছিল কে হবেন পরবর্তী প্রধানমন্ত্রী। সূত্রের খবরে জানা যায়, বরিস জনসন ঋষি সুনাককে প্রধানমন্ত্রীর পদে দাঁড়ানো থেকে সরে যেতে বললেও তিনি মেনে নেননি। প্রধানমন্ত্রী নির্বাচনের পর পার্লামেন্টে দেশের অর্থনৈতিক সঙ্কটের জন্য বিপক্ষ দল লেবার পার্টির কাছে সমালোচনার সম্মুখীন হতে হয়। এর জবাবে তিনি বলেন, তার সরকার সব সময় জনগণের জন্য কাজ করে যাবে।ব্রিটেনের এক বিশ্লেষক মুহাম্মদ মোশতাক বলেছেন, সুনাককের জন্য এই কাজটি অনেক কঠিন হবে। কারণ তিনি জনগণের দ্বারা নির্বাচিত সরকার নন। এছাড়াও তার দলের জনপ্রিয়তা দিন দিন কমছে। সাবেক প্রধান প্রধানমন্ত্রী লিজ ট্রাসের অনেক সমর্থনকারীই সুনাককে সমর্থন করছে না।এরই মধ্যে লেবার পার্টি থেকে সাধারণ নির্বাচনের দাবি করা হচ্ছে।সুনাককের রাজনৈতিক দক্ষতার উপরই তাঁর সরকারের স্থায়ীত্ব নির্ভর করবে।যেমনটি বলছিলেন যুক্তরাজ্যের শেফিল্ড বিশ্ববিদ্যালয়ের গবেষক ড. অ্যান্ড্রু বার্কলে। এছাড়াও এর কারণ হিসাবে তিনি কনজারভেটিভ পার্টির অন্তর্দলীয় কোন্দলকে তুলে ধরেন।ফলে ঋষি সুনাককে দুটি সমস্যার সম্মুখীন হতে পারে। প্রথমটি লেবার পার্টি 30 পয়েন্ট এগিয়ে আছে অন্যটি অন্যটি তাঁর দলের পূর্ববর্তী প্রধানমন্ত্রী লিজ ট্রাসের অর্থনৈতিক ক্ষেত্রে বেপরোয়া আচরণ। এছাড়াও রয়েছে ইউক্রেন, রাশিয়া যুদ্ধ। এর ফলে ২৩ সালের শুরুতে যুক্তরাষ্ট্রের মুদ্রাস্ফীতি ১৮ শতাংশের বেশি হয়ে যেতে পারে।"
BUET STU ABRAR MURDER,BUET STU ABRAR MURDER_A,"বুয়েটের আবরারের হত্যা মামলার ২২ আসামীদের মধ্যে ২০ জনের মৃত্যুদণ্ড আর পাঁচজনের যাবজ্জীবন কারাদণ্ড দিয়েছিল সুপ্রিমকোর্ট। তার হত্যা এর ঘটনায় মোঃ বরকত উল্লাহ বাদী হয়ে ২০১৯ সালের ৭ অক্টোবর রাজধানীর চকবাজার থানায় মামলা করেন। ২০১৯ সালের ৬ অক্টোবর বুয়েটের শেরে বাংলা হলের গেস্ট রুমে আসামি বুয়েটের ১৭ ব্যাচ এর ছাত্র আব্রার কে নির্যাতন করে, মানসিকভাবে বিপর্যস্ত করে হত্যা করে। তারা আবরারের স্ট্যাটাস গুলো ঘেঁটে দেখে তারপর ক্রিকেট স্ট্যাম্প নিয়ে আবরারকে মারেন। পরে আরেক দফা পেটানো হয় আব্রারকে। একপর্যায়ে মার খেতে খেতে সে অচেতন হয়ে পড়লে কোলে করে অন্য কক্ষে নিয়ে আসে । সেখানে অবস্থার আরো অবনতি হলে দোতলা আর নিচ তলায় সিড়ির মাঝখানে নিয়ে আসে । চিকিৎসা পাওয়ার আগেই আবরার মারা যান। এটার পর বুয়েটের কর্তৃপক্ষ পুলিশকে খবর দেয়।"
BUET STU ABRAR MURDER,BUET STU ABRAR MURDER_B,"আবরার ফাহাদের মৃত্যুর আগ মুহূর্তে তিনি একটা স্ট্যাটাস দেন যেটাতে তিনি সরকারের বিপক্ষে ভারতকে নিজের দেশের জরুরী সম্পদ দেওয়ার বিরোধিতা করে । সেই স্ট্যাটাসে একটা কবিতাও থাকে কামিনী রয়ের। মূলত পুরনো সমুদ্র বন্দরের ইতিহাসের কথা তুলে ধরে আর কিভাবে ভারত নিজেদের রাজ্যকে সাহায্য করতে চায় না কিন্তু বাংলাদেশ তাদের সীমিত সম্পদ তাদের দিয়ে দেয় এই কথা তুলে ধরেন। সমুদ্র বন্দর, পানি আর গ্যাস দেওয়ার বিরোধিতা করে স্ট্যাটাস দেওয়ার পর তার পরিবার তার মৃত্যু এর কথা জানতে পারে দুঃখবশত । পুলিশরা ফাহাদের মরদেহ উদ্ধার করার পর গায়ে আঘাতের চিহ্ন পান। ফাহাদের মামাতো ভাই বলেন তার কোন শত্রুতা না থাকা সত্ত্বেও কিভাবে তিনি এই চরম মর্মান্তিক মৃত্যুর স্বীকার। পুলিশের মোটামুটি কোন অস্ত্র ব্যবহার না করেই তাকে আঘাত করা হয়েছে। পরীক্ষা করানো হইলে তিনি জানান আর বেঁচে নাই । এ ব্যাপারে সহপাঠীদের জিজ্ঞাসাবাদ করা হয়। আবরার ফাহাদের ৫ নম্বর আসামি বব স্ট্রোক করে মারা যান । তার মায়ের সাথে কথা বললে জানায় যে তার ছেলে জেলে, স্বামীও নাই এ বলে তিনি দুঃখ প্রকাশ করেন। আবরার ফাহাদের বাবা এক অপরিচিত নাম্বার থেকে ফোন পায় যেখানে তাকে মাফ করে দেওয়ার কথা বলা হয় স্বামীদের ।এ কথা শুনানোর পর তার বাবা রেগে তাদের সমালোচনা করেন।"
CHATGPT,CHATGPT_A,"৩ ফেব্রুয়ারি ২০২৩ এর রিপোর্ট অনুযায়ী নভেম্বর ২০২২ এ ওপেন এআইএ তৈরি চ্যাট জিপিটি বাজারে আসার পর বিশ্বজুড়ে জনপ্রিয়তার শীর্ষে অবস্থান করছে যা কিনা প্রথম মাসেই ১০ কোটিরও বেশি ব্যবহারকারী পেয়েছে। জিমেইল নির্মাতার আশঙ্কা ধ্বংস করতে পারে । কেননা , চ্যাট জিপিটি যেকোনো বার্তার উত্তরে দ্রুত , নির্ভুল বার্তা , শব্দচয়ন ও ভাষা ব্যবহার করে এমন কি কবিতা লিখে দিতে পারে । এদিকে চ্যাট জিপিটির সঙ্গে পাল্লা দিতে google ও এ আইভিত্তিক চাট বট আনছে । ৮ ফেব্রুয়ারি ২০২৩ গুগল তাদের চ্যাট বট উন্মুক্ত করবে । গুগল ২০২২ সালে চ্যাট বটের ব্যবহার পরীক্ষামূলক ভাবে সীমিত পরিসরে শুরু করলেও তাদের এ নিয়ে বড় পরিকল্পনা রয়েছে বলে জানান । চ্যাট ডিপিটির কারণে উচ্চ ঝুঁকিতে পড়বে যে দশ পেশা তা হল প্রযুক্তি নির্ভর চাকরি , গণমাধ্যম, আইন পেশা, বাজার গবেষণা বিশ্লেষণ, শিক্ষকতা , আর্থিক হাতের চাকরি, পুঁজিবাজারের কাজ , গ্রাফিক ডিজাইন, হিসাব রক্ষন, গ্রাহক সেবা ।"
CHATGPT,CHATGPT_B,"৭ ফেব্রুয়ারি ২০২৩ এর রিপোর্ট অনুযায়ী চ্যাট ডিপিটি গণতন্ত্র কে যেভাবে হুমকিতে ফেলতে পারে এটা নিশ্চিত বলা যায় । স্বয়ংক্রিয়ভাবে মানুষের লিখিত প্রশ্নে এমনভাবে সাড়া দিতে পারে যার ধরন প্রায় মানুষের কাছাকাছি এবং পার্থক্য করাই মুশকিল। কবিতা কিংবা নাটকের চিত্রনাট্য রচনার মতো সৃষ্টিশীল কাজ , নিবন্ধের লিংকে, ব্লগে এবং সামাজিক যোগাযোগ মাধ্যমের পোষ্টের মন্তব্যের ঘরে নির্দিষ্ট এজেন্ডা ধরে মন্তব্য করতে পারে চার জিপিটি । এই কৃত্রিম বুদ্ধিমত্তা গণতন্ত্রের লড়াইয়ে মানুষের জায়গা দখল করবে লবিং এর দিক থেকে। যার ফলে ভবিষ্যতে যুদ্ধে মনুষ্যবিহীন ড্রোনের মতো প্রচারাস্ত্র প্রয়োগ হবে এই চার জিপিটির ব্যবহারের দারা । এদিকে চ্যাট জিপিটির পাল্টা বট বার্ড নিয়ে আসছে গুগল । তবে গুগল কিভাবে চার জিবিটি থেকে বার্ড কে আলাদা করবে , তা এখনো পরিষ্কার নয় ।মাইক্রোসফট ওপেন এ আই এ ১০০ কোটি মার্কিন ডলার বিনিয়োগ করে এবং পরবর্তীতে আরও ১ হাজার কোটি ডলার বিনিয়োগের ঘোষণা দেয় । এই কৃত্রিম বুদ্ধিমত্তা গণতন্ত্রের লড়াইয়ে মানুষের জায়গা দখল করবে লবিং এর দিক থেকে। চ্যাট জিপিটি প্লাসে যে বাড়তি সুবিধা পাওয়া যাবে তা হলো এতে যুক্তরাষ্ট্রের বসবাসকারীদের প্রবেশে অগ্রাধিকার , এবং নির্দিষ্ট সংখ্যক ব্যবহারকারীকে অর্থের বিনিময়ে বাড়তি সুবিধা প্রদান উন্মুক্ত করা হবে ।"
CYCLONE SITARANG,CYCLONE SITARANG_A,"২০২২ সালের ২৩ অক্টোবর তারিখে বাংলাদেশের কক্সবাজার, বরিশাল নোয়াখালী, সাতক্ষীরা, ফেনী সহ দেশের সবগুলো উপকূলীয় এলাকা এবং নদী ও সমুদ্রবন্দরগুলোকে ঘূর্ণিঝড়ের কারণে সতর্কতা অবলম্বন করতে  বলা হয়েছে। দুর্যোগ ব্যবস্থাপনা মন্ত্রণালয় থেকে উপকূলীয় অঞ্চল গুলোতে  ঘূর্ণিঝড় মোকাবেলার জন্য সব ধরনের প্রস্তুতি গ্রহণ করা হয়েছে। বঙ্গোপসাগরের সৃষ্ট এই ঘূর্ণিঝড় টির নাম দেয়া হয়েছে সিত্রাং।আবহাওয়া অধিদপ্তর পূর্বাভাসে বলছে ঘূর্ণিঝড় টির কারণে উপকূলীয় অঞ্চলগুলো উচ্চ জলোচ্ছ্বাসে প্লাবিত হতে পারে। সিত্রাং এর প্রভাবে দেশের সব জেলাতেই ভারি বৃষ্টিপাত সহ বিভিন্ন জেলায় জলাবদ্ধতার সৃষ্টি হয়েছে। উপকূলীয় অঞ্চল সহ দিব এবং চরগুলো জলোচ্ছ্বাসে প্লাবিত হচ্ছে। দুর্যোগপূর্ণ আবহাওয়ার কারণে সব ধরনের নৌযান চলাচল বন্ধুরা রাখতে বলা হয়েছে এবং শহরগুলোতেও যান চলাচলে পরিমাণ অনেকটাই কম। দুর্যোগ কালেন এবং দুর্যোগ পরবর্তী পরিস্থিতি মোকাবিলার জন্য স্বেচ্ছাসেবোকরা প্রস্তুত রয়েছে এবং প্রয়োজনীয় চিকিৎসা সেবা এবং আশ্রয় কেন্দ্র প্রস্তুত রাখা হয়েছে।দুর্যোগ কালীন এবং পরবর্তী সময়ে মানুষের সহায়তার জন্য ৭২ টি ইউনিয়নের ৭২টি কেন্দ্র চালু করা হয়েছে এবং বিশ হাজার প্যাকেট শুকনো খাবার ও ২৫ লক্ষ টাকা চাওয়া হয়েছে।"
CYCLONE SITARANG,CYCLONE SITARANG_B,"সিত্রাং এর প্রভাবে নোয়াখালীর উপকূলীয় উপজেলা হাতিয়ায় দমকা হাওয়া এবং হালকা বৃষ্টি হচ্ছে। উপজেলা দুর্যোগ কমিটির জরুরি সভায় দুর্যোগ মোকাবেলার জন্য সব ধরনের প্রস্তুতি গ্রহণ করা হচ্ছে এবং সবাইকে নিরাপদ অবস্থানে থাকার নির্দেশনা দেয়া হয়েছে। অপরদিকে বরগুনার উপকূলীয় এলাকাগুলোতে ভারী বৃষ্টিপাত হচ্ছে।ধারণা করা হচ্ছে ঘূর্ণিঝড়টির অগ্রবর্তী অংশ  অমাবস্যা ও প্রবল বায়ু চাপের আধিক্যের কারণে উপকূলীয় জেলা,নদী, চর এবং দ্বীপগুলো ৫ থেকে ৮ ফুট উচ্চতার জলোচ্ছ্বাসে প্লাবিত হতে পারে। সব ধরনের প্রস্তুতি গ্রহণ করা হচ্ছে ও মানুষদের নিরাপদ আশ্রয় নেয়া হচ্ছে। জরুরী চিকিৎসা সেবা সহ, খাদ্য ও ত্রাণ ব্যবস্থা নেয়া হয়েছে। ঘূর্ণিঝড় সিত্রাং এর গতিপথ বরিশালের দিকে প্রবাহিত হচ্ছে।প্রবল বৃষ্টির কারণে, উঁচু উচ্চতার জোয়ারের আশঙ্কা করা হচ্ছে। পরিস্থিতি মোকাবিলার জন্য প্রস্তুতি গ্রহণ করা হচ্ছে। ঘূর্ণিঝড় মোকাবিলার জন্য দেশের সব উপকূলীয় অঞ্চলে প্রয়োজনীয় চিকিৎসা সেবা খাদ্য, ত্রাণ ও আশ্রয়কেন্দ্র সহ, গবাদিপশুর আশ্রয়েরও ব্যবস্হা গ্রহণ করা হয়েছে।"
DENGU,DENGU_A,ডেঙ্গুতে গত রবিবার আরও পাঁচজনের মৃত্যু।এবছর এখন পর্যন্ত ডেঙ্গুতে ১১৮ জনের মৃত্যু হয়েছে।যা গত বছরের তুলনায় ১৩ জন বেশি।গতকাল মোট ৯০৩ ডেঙ্গু রোগী সনাক্ত হয়েছে।এ নিয়ে এই বছর ডেঙ্গুতে আক্রান্তের সংখ্যা দাঁড়াল ৩১ হাজার ৯৬৬।গত বছর ডেঙ্গুতে আক্রান্তের মোট সংখ্যা ছিল ২৮ হাজার ৪২৯ জন।মঙ্গলবারে আরও দুই জনসহ সহ সর্বমোট ১২০ জনের ডেঙ্গুতে মৃত্যু হয়েছে। এবং শুধু মঙ্গলবারেই ডেঙ্গু শনাক্ত রোগীর সংখ্যা ছিল ৯২৩। বুধবারে ডেঙ্গুতে মৃত্যু হয়েছে তিন জনের এ নিয়ে এ পর্যন্ত সর্বমোট ১২৩ জন ডেঙ্গুতে মারা গেছে।মোট সনাক্ত ডেঙ্গু রোগীর সংখ্যা ৮৯৯ যা গত মঙ্গলবারের তুলনায় কিছুটা কম।এছাড়াও গত বৃহস্পতিবার আরও পাঁচজনের মৃত্যু।এবছর এখন পর্যন্ত ডেঙ্গুতে ১২৭ জনের মৃত্যু হয়েছে।গতকাল মোট সনাক্ত ডেঙ্গু রোগীর সংখ্যা ৪৪০ যা গত বুধবারের অর্ধেক।ডেঙ্গুতে আরও ছয়জনের মৃত্যু।এবছর এখন পর্যন্ত ডেঙ্গুতে ১৩৩ জনের মৃত্যু হয়েছে।গতকাল মোট ৮৬৯ ডেঙ্গু রোগী সনাক্ত হয়েছে।এ নিয়ে এই বছর ডেঙ্গুতে আক্রান্তের সংখ্যা দাঁড়াল ৩৬ হাজার ১৩১ জন।ডেঙ্গুতে মৃত্যুর হাড় বাড়ার প্রধান কারন হিসেবে সঠিক সময়ে রোগীকে হাসপাতালে না আনা এবং সচেতনার অভাব বলে জানিয়েছে স্বাস্থ্য অধিদপ্তর।এছাড়া এই বছর প্রায় ৫০টি জেলায় ডেঙ্গুর প্রায় ৩টি ভ্যারিয়েন্ট সক্রিয়তা নিশ্চিত করেছে স্বাস্থ্য অধিদপ্তর এবং এদের মাঝে সব চাইতে বেশি আক্রান্ত ঢাকা জেলাতে এবং এরপরই আছে কক্সবাজার।
DENGU,DENGU_B,এ বছর আজ ২২ নভেম্বর পর্যন্ত ডেঙ্গুতে ২৩৭ জনের মৃত্যু হয়েছে এবং গতকাল মোট ৫১৫ জন ডেঙ্গু রোগী সনাক্ত হয়েছে।এ নিয়ে এই বছর ডেঙ্গুতে আক্রান্তের সংখ্যা দাঁড়াল ৫৩ হাজার ৯২৮ জন।এ বছরের ডেঙ্গুর প্রকপ গত দুই দশক এর চেয়ে সর্বচ্চ।এর মাঝে শিশু ও বৃদ্ধদের আক্রান্তের হাড় সবচাইতে বেশি।বরাবরের মত ঢাকাতে সর্বচ্চ আক্রান্ত হয়েছে এর পরেই আছে কক্সবাজার যাদের বড় অংশ আশ্রয়নেয়া রহিঙ্গা জনগোষ্ঠী। বুধবার ডেঙ্গুতে ২৪০ জনের মৃত্যু হয়েছে এবং বৃহস্পতিবার পর্যন্ত ডেঙ্গুতে ২৪১ জনের মৃত্যু হয়েছে এবং গতকাল মোট ৫১৯ জন ডেঙ্গু রোগী সনাক্ত হয়েছে।এ নিয়ে এই বছর ডেঙ্গুতে আক্রান্তের সংখ্যা দাঁড়াল ৫৪ হাজার ৯২৪ জন।ডেঙ্গুতে গত আরও দুইজনের মৃত্যু।এ বছর আজ শুক্রবার পর্যন্ত ডেঙ্গুতে ২৪৪ জনের মৃত্যু হয়েছে এবং গতকাল মোট ৪৬২ জন ডেঙ্গু রোগী সনাক্ত হয়েছে।এ নিয়ে এই বছর ডেঙ্গুতে আক্রান্তের সংখ্যা দাঁড়াল ৫৫ হাজার ৬০৭ জন এর মাঝে বর্তমানে ১ হাজার ৯৮৮ জন রোগী চিকিৎসাধীন আছেন।এ বছরের ডেঙ্গুর প্রকপ গত দুই দশক এর চেয়ে সর্বচ্চ।এর মাঝে শিশু ও বৃদ্ধদের আক্রান্তের হাড় সবচাইতে বেশি।বরাবরের মত ঢাকাতে সর্বচ্চ আক্রান্ত হয়েছে এর পরেই আছে কক্সবাজার যাদের বড় অংশ আশ্রয়নেয়া রহিঙ্গা জনগোষ্ঠী।
ELON MUSK,ELON MUSK_A,"ইলন মাস্ক টুইটারের নতুন প্রধান নির্বাহী কর্মকর্তা হিসেবে নিয়োগ হয়েছেন। ইলোন মাস্ক কোম্পানির বোর্ডের একমাত্র পরিচালক হয়েছেন। কোম্পানির মালিকানা বদলের পূর্বে টুইটারের ৯জন পরিচালক ছিলেন তাদের আর কেউ নেই । মালিকানা পাওয়ার পূর্বে পরাগ আগরওয়াল কোম্পানির সিইও থেকে বরখাস্ত করা ছাড়াও আরো কিছু শীর্ষ কর্মকর্তাকে বরখাস্ত করা হয়েছে। এলন মাস্ক  এখন টুইটারের দায়িত্ব পালন করবেন এবং টুইটারে নিজের পরিচিতি হিসেবে লিখেন "" চিফ টুইট"" টুইটারের মালিকানা পাওয়ার পর টুইটার ব্যাবসায় প্লাটফর্মে পরিণত করবেন। তিনি কিছু পদক্ষেপও  নিয়েছেন যেমন কেউ নকল প্রোফাইল করতে পারবে না।এলন মাস্ক টুইটারের মাধ্যমে অর্থ আয় করতে চাচ্ছেন। যেটার ফল ভালো  না হইতে পারে। যারা ভেরিফাইড আইডি চান ওর তাদের একাউন্টের পাশে ব্লু  টিক চান তাদের থেকে কিছু ডলার কামাই করতে চাচ্ছেন এলন মাস্ক। ব্লু টিক পেতে আট ডলার খরচ করতে হবে টুইটার ইউজারদের। যেটা তারা চাচ্ছেন না দিতে । কিন্তু তাদের কিছু সুবিধা দেওয়ার কথাও এলন মাস্ক বলেছেন সেটা হলো ভেরিফাইড ইউজাররা কোনো পোস্ট সার্চ দিলে আগে দেখতে পারবেন এবং বেশি ভিডিও পোস্ট করতে পারবেন । ইলন মাস্কের নেওয়া এই সিদ্ধান্ত তাদের পছন্দ হয়নি।"
ELON MUSK,ELON MUSK_B,ইলোন মাস্ক বড় পদের অনেক কর্মকর্তাকে চাকরিচ্যুত করেছেন। যা সামাজিক যোগাযোগ মাধ্যমে অনেক উত্তেজনার সৃষ্টি করেছে। ব্রুস ডাইসলি ইউরোপ ও মধ্য প্রাচ্য বিভাগের সাবেক প্রেসিডেন্ট জানিয়েছেন যে মাস্ক সবাইকে ভয়ের মধ্যে রেখেছেন। ব্রুস ডেইসলি আরো মন্তব্য করেন যে ইলন মাস্ক ভেরিফাইড একাউন্ট থেকে ৮ ডলার ধার্য করেছেন সেটা তার পকেট মানি হিসেবে নিবেন। এখন কর্মী ছাঁটাই করা হচ্ছে।  সব পদের কর্মী ছাঁটাই করা হচ্ছে। ইলন মাস্ক টুইটার কিনে নেওয়ার পর ১০লাখ ইউজার টুইটার ব্যবহার করা বন্ধ করে দিয়েছেন । ক্রিস্টোফার বাউজি তথ্য ঠেকানো ও বট ট্র্যাকার ওয়েবসাইট বট সেন্টিনেলের প্রতিষ্ঠাতা জানিয়েছেন টুইটার অ্যাকাউন্ট বন্ধ করা ও টুইটারের পক্ষ থেকে অ্যাকাউন্ট বন্ধ করার সংখ্যা অনেক বেড়েছে। ইলোন মাস্ক টুইটার কিনার পর অনেক পরিবর্তন এসেছে।
GAS_ELEC_COST,GAS_ELEC_COST_A,"জনগণের টাকা হাতিয়ে নিতে গ্যাস-বিদ্যুতের দাম বাড়ানো হচ্ছে বলে অভিযোগ করেছে বিএনপি। মূল্যবৃদ্ধির বিষয়ে সমালোচনা করেছেন বিএনপির মহাসচিব মির্জা ফখরুল এবং তিনি এই ইস্যুতে আন্দোলনে নামার হুঁশিয়ারি দেন।গ্যাসের দাম বৃদ্ধিতে সাংবাদিকদের প্রশ্নের জবাবে প্রতিমন্ত্রী বলেন, আমাদের এলএনজি আর বেশি নেই। সামনে দেড়-দুই বছরের মতো আছে, দুই বছরের মধ্যে এখানে গ্যাসের একটা ব্যালান্স হবে। বিশিষ্টজনদের মতে,সরকার তার ইচ্ছামতো সিদ্ধান্ত জনগণের ওপর চাপিয়ে দিচ্ছে, জাসদ, বাসদ নামে ছোট কিছু দল তাদের সীমিত সামর্থ্য নিয়ে বিক্ষোভ মিছিল ও আধাবেলা হরতাল করেছে।সরকার বিদ্যুৎ খাতের উন্নয়ন করছে, তবে এর খেসারতটা জনগণকেই দিতে হচ্ছে। বর্তমান সরকার গত ৫ বছরে ৬ বার বিদ্যুতের দাম বাড়িয়েছে। দফায় দফায় দাম বাড়ালেও লোকসান কমছে না, বরং বাড়ছে। বিদ্যুৎ উন্নয়ন বোর্ডের সর্বশেষ হিসাব অনুযায়ী, বর্তমানে প্রতি ইউনিট বিদ্যুতের উৎপাদন মূল্য ৬ টাকা ২৪ পয়সা। বিতরণ কোম্পানিগুলোর কাছে বিক্রি করা হচ্ছিল প্রতি ইউনিট ৪ টাকা ৬৭ পয়সা করে। দাম বাড়ানোর পর এই বিক্রয় মূল্য হয়েছে প্রায় ৪ টাকা ৯০ পয়সা। এই হিসাবে সরকার উৎপাদন মূল্যের চেয়ে কম দামে বিক্রি করছে ঠিকই,কিন্তু ভোক্তা পর্যায়ে দাম পড়ে প্রতি ইউনিট ৬ টাকা ৩৩ পয়সা। 	"
GAS_ELEC_COST,GAS_ELEC_COST_B,"গত দশ বছরে দফায় দফায় বিদ্যুৎ ও গ্যাসের দাম বৃদ্ধির ফলে মানুষের জীবনযাপন কঠিন হয়ে পড়ছে। মহামারী করোনার প্রভাবে অর্থনৈতিকভাবে বিপর্যস্ত সাধারণ মানুষ। এই পরিস্থিতিতে গ্যাস বিদ্যুতের দাম বৃদ্ধির বিষয়টি মড়ার ওপর খাঁড়ার ঘা হিসেবে দেখছেন বিশেষজ্ঞরা। এদিকে গ্যাস-বিদ্যুতের মূল্যবৃদ্ধির বিষয়টি পর্যালোচনা করছে বাংলাদেশ এনার্জি রেগুলেটরি কমিশন। গ্যাস-বিদ্যুতের দাম বাড়াতে সরকারের প্রক্রিয়ায় দুশ্চিন্তায় আছেন বস্ত্র, তৈরি পোশাকসহ বিভিন্ন খাতের ব্যবসায়ীরা। সমস্যা সমাধানে দীর্ঘমেয়াদি জ্বালানি নীতি ও ব্যবসাবান্ধব করকাঠামো গড়ে তোলার প্রস্তাবও দিয়েছেন ব্যবসায়ীরা। তাছাড়া আরো বিভিন্ন খাতের ব্যবসায়ী নেতারা জানান, করোনা-পরবর্তী অর্থনীতি পুনরুদ্ধার প্রক্রিয়ায় রাশিয়া-ইউক্রেন পরিস্থিতির কারণে ব্যবসা-বাণিজ্যে একধরনের মূল্যস্ফীতির চাপ আছে।এ ছাড়া বছর বছর করকাঠামো পরিবর্তন না করে দীর্ঘমেয়াদি কাঠামো গড়ে তোলার প্রস্তাব দেন তারা। শিল্পায়নে গ্যাস-বিদ্যুৎ অপরিহার্য বিধায় নিরবচ্ছিন্ন সরবরাহের পাশাপাশি দাম স্থিতিশীল রাখার আহ্বান জানান তারা। বিদ্যুৎ ও গ্যাসের দাম বাড়ানোর খবরে অন্যান্য খাতের মতো বস্ত্র খাতের ব্যবসায়ীরাও আতঙ্কিত। এ খাতে বিদ্যুতের ব্যবহার অনেক বেশি। এফবিসিসিআই সভাপতি বলেন, দেশে বর্তমানে চরম অসময় যাচ্ছে। এ পরিস্থিতিতে বিদ্যুৎ ও গ্যাসের দাম না বাড়াতে অনুরোধ করেন। তার পরও যদি বাড়ানো হয় সেটা ব্যবসায়ীদের উপর না চাপে বিদ্যুৎ খাতের ভর্তুকির মাধ্যমে সমন্বয় করা হোক।প্রতিমন্ত্রী বলেন, আমাদের লক্ষ্য নির্ধারিত, কাদের জন্য ভর্তুকি দিতে চাই, কতদূর রাখতে চাই। আমাদের একটি বৃহৎ জনগোষ্ঠীর বিদ্যুতের মূল্য দেওয়ার সক্ষমতা নেই। তাই ভর্তুকি দেওয়া হয়। "
GAS_SHONKOT,GAS_SHONKOT_A,"গাজীপুরের তীব্র গ্যাস–সংকট। বাসাবাড়িতে জ্বলছে না চুলা, শিল্পকারখানায় বন্ধ উৎপাদন।এছাড়াও শিল্পকারখানায় উৎপাদন ব্যাহত হচ্ছে এবং লোডসেডিং তীব্র আকার ধারন করেছে।শিল্পকারখানার মালিক ও কর্মকর্তাদের দাবি, প্রতি বর্গফুটে যেখানে ১৫ পিএসআই সেখানে এখন তারা পাচ্ছে ৩-৪ পিএসআই।এর ফলে রপ্তানিপন্য উৎপাদন ব্যাহত হচ্ছে।এ নিয়ে কাশিমপুর এলাকার জব্বার ফ্যাশন,গাজীপুরের শ্রীপুর উপজেলার মোশাররফ নিট কম্পোজিট লিমিটেডের সহ অন্যান্য কোম্পানির উর্ধতন কতৃপক্ষের সাথে কথা বলে সবাই সংকট নিয়ে চিন্তিত বলে জানিয়েছেন।তিতাস গ্যাস কতৃপক্ষের সাথে কথা বলে তারা এই সংকটের সত্যতা শিকার করেছেন।জয়দেবপুর এলাকায় ৬১০ মিলিয়ন ঘনফুট চাহিদার বিপরীতে গ্যাস সরবরাহ হয়েছে ২৫০ থেকে ২৮০ মিলিয়ন ঘনফুট।যা স্বাভাবিক সময়ে ৫০০ মিলিয়ন ঘনফুট থাকে।মূলত রক্ষণাবেক্ষণের কারণে বিবিয়ানা গ্যাসক্ষেত্রের ছয়টি কূপ থেকে উৎপাদন বন্ধ রয়েছে।এ কারণে দেশে গ্যাসের সংকট দেখা দিয়েছে।এর মোকাবিলায় নিয়মত সিডিউল করে সিএনজি স্টেসন বন্ধ রাখা হচ্ছে।বিশেষজ্ঞদের মতে শুধু কম উৎপাদনই নয় বিশ্ববাজারে গ্যাসের দাম বাড়ার কারনো এর প্রভাব পড়েছে এই খাতে।তিতাস ও পেট্রবাংলার কতৃপক্ষের সাথে ব্যাসাহীদের এক বৈঠকে এই সংকট নিয়ে আলোচনা করা হয়েছে।তবে সরকার ইতিমধ্যে দেশে উৎপাদন বৃদ্ধির জন্য যোর দিচ্ছে। তবে এই সংকট শিগ্রই শেষ হবেনা বলে ধারনা করা হচ্ছে।"
GAS_SHONKOT,GAS_SHONKOT_B,গ্যাসের তীব্র সংকটে শিল্প কারখানা গুলো পরেছে চরম বিপাকে।এই সংকটের কারনে পন্য উৎপাদন ৫০ শতাংশ কমে গেছে।এই পরিস্থিতি চলতে থাকলে ব্যাবসা প্রতিষ্ঠান বন্ধ করে চলে যেতে হবে বলেছেন শিল্প মালিক গন।বর্তমানে গ্যাস সংকটে উৎপাদন খরচ দ্বিগুন হয়েছে।এরপরও পন্যউৎপাদন চাহিদা অনুযায়ী না হওয়ায় বিদেশি পন্য রপ্তানি ব্যহত হচ্ছে এবং অনেক সময় বায়ার ক্যানসেলও করছে।বর্তমানে দেশে শিল্প কারখানায় দৈনিক গ্যাসের চাহিদা ৩৮০ কোটি ঘনফুট।সচরাচর দেশে ৩০০ কোটি ঘনফুট উৎপাদন হয় এবং বাকি অংশ রপ্তানি করা হয়।ইউক্রেন যুদ্ধের কারনে বিশ্ববাজারে গ্যাসের সংকট ও দাম বৃদ্ধির ফলেও এই সংকট আমদানি করেও সম্ভব হচ্ছে না।এই নিয়ে সোনারগাঁও হোটেলে এক সংবাদ সম্মেলনে বিটিএমএর সভাপতি এই সংকট নিয়ে আলচনা করেন এবং তিনি বলেছেন মার্চমাসে সংকট হলে পেট্রোবাংলা বলে এই সংকট দ্রুত কেটে যাবে। অক্টোবর নাগাদ সব সমাধান হবে।কিন্তু উল্টা অক্টোবরে আরো সংকট তৈরি হয়েছে।এই নিয়ে অনেক বৈঠক হয়েছে এবং সরকার এই ব্যাপারে সুরাহা করার প্রতিশ্রুতি দিয়েছে।তবে এই সংকট শুধুমাত্র কারখানাতেই নয় বাসাবাড়িতেও চরম দূর্ভোগের সৃষ্টি করেছে।অনেকে সিলিন্ডার গ্যাসের ব্যাবহার করছেন।দৈনিক ১২-১৩ ঘন্টা করে গ্যাস থাকছে না।এমনকি অনেক কারখানাও সিএনজি স্টেসন থেকে সিলিন্ডারে গ্যাস কিনে তাদের উৎপাদন ধরে রাখার চেষ্টা করা হচ্ছে।এছারাও বিদ্যুৎ উৎপাদনে গ্যাসের সংকটের প্রভাব পরেছে।
GOLD PRICE,GOLD PRICE_A,গত বছর বিশ্বব্যাপী উচ্চ  মূল্যস্ফীতির কারণে যুক্তরাষ্ট্রের কেন্দ্রীয় ব্যাংক ফেডারেল রিজার্ভ দফায় দফায় নীতি  সুদ হার বৃদ্ধি করে। বিনিয়োগ কারীরা যুক্তরাষ্ট্র বন্ট কেনায় বিপুল বিনিয়োগ করেন ।সে কারণে সামগ্রিকভাবে গত এক বছরে সোনার দাম ততটা বাড়েনি কিন্তু রাশিয়া ইউক্রেন যুদ্ধ শুরু হলে সোনার দাম হঠাৎ বেড়ে যায় আন্তর্জাতিক বাজারে। আন্তর্জাতিক বাজারে সোনার দাম বৃদ্ধির ফলে ভারত বাংলাদেশ ও দাম বৃদ্ধি পাচ্ছে।  অনেকে আবার সংকটকালীন অর্থনীতির কথাও মনে করিয়ে দিচ্ছেন ।বিশ্ব অর্থনীতি অস্থির হয়ে উঠছে আর মানুষ খাঁটি সোনার দিকে ভরসা খুঁজছে এদিকে স্বর্ণের দাম বৃদ্ধির ফলে অনেকেই পরিকল্পনা মত গয়না কিনতে পারছে না ।ফলে ছোট মাঝারি দোকান বন্ধ হয়ে যেতে পারে স্বর্ণের।  গত কয়েক মাসে বিশ্ববাজারে বিভিন্ন দেশে যেভাবে সোনার চাহিদা বাড়ছে  তাতে সোনার দাম তরতরিয়ে বাড়ছে।
GOLD PRICE,GOLD PRICE_B,দেশের বাজারে গত ছয় মাস ধরে সোনার দাম বাড়ছে জুয়েলার্স সমিতি বিজ্ঞপ্তিতে দাম বাড়ানোর বিষয়টি জানিয়েছে তবে রুপার দাম অপরিবর্তিত রয়েছে ।এদিকে আন্তর্জাতিক বাজারে সোনার দাম কয়েক মাস ধরে নিম্নমুখী প্রবণত দেখা গেলেও নভেম্বর মাস থেকে বাড়ছে রাশিয়া ইউপেন যুদ্ধ শুরু হলে দাম হঠাৎ বেড়ে যায় প্রতি আন্স সোনা ২০২২ এর মার্চে প্রথম সপ্তাহে দাম বেড়ে হয়  দুই হাজার ৫২ ডলার যা ইতিহাসে দ্বিতীয় সর্বোচ্চ ।২০২২ এর ৩ নভেম্বরে প্রতি অংশ সোনার দাম ছিল  ১  হাজার ৬২৯ ডলার তারপর  দাম ধারাবাহিকভাবে বাড়ছে।
IRAN,IRAN_A,ইরানের দক্ষিণাঞ্চলীয় শহরে সিরাজে শিয়া ধর্মালম্বীদের একটি ধর্মীয়  স্থাপনায়  তিনজন অস্ত্রধারী হামলা চালায় যাতে ১৫ জন  নিহত এবং ৪০ জন আহত হন। এই হামলার দায়  জঙ্গি গোষ্ঠী ইসলামিক স্টেট আই এস স্বীকার করেছে। তিনজন হামলাকারীর মধ্যে দুজনকে গ্রেফতার করা হয়েছে এবং একজন এখনো পলাতক। হামলার শিকার এবং প্রত্যক্ষদর্শী  অনেকেই এই ঘটনার নৃশংসতা  বর্ণনা কছেন। ইরানের প্রেসিডেন্ট  ইব্রাহিম রাইদি এই ঘটনার উপযুক্ত জবাব দেওয়ার হুঁশিয়ারি দিয়েছেন।
IRAN,IRAN_B,ইসলামী নীতি-নৈতিকতা নিয়ে খবরদারি করার অভিযোগে ইরানের পুলিশ বাহিনীকে ভেঙে দেওয়া হয়েছে।  হিজাব না পড়ার অভিযোগে এই বাহিনীর হাতে আটক  এ বছর বয়সী এক তরুনীর মৃত্যুর অভিযোগে চলা আন্দোলনের পরিপ্রেক্ষিতে এই সিদ্ধান্ত নেওয়া হয়েছে। মাহসা  আমিনির  মৃত্যুর পর থেকে চলা  এই সহিংস আন্দোলনে  এখন পর্যন্ত  মৃত্যুর সংখ্যা ২০০ ছাড়িয়েছে। ইরানের সাম্প্রতিক সরকার বিরোধী  গোলযোগের  জন্য দোষী সাব্যস্ত করে একজন বিক্ষোভকারী মৃত্যুদন্ড কার্যকর করা হয়েছে। যদি অভিযোগ রয়েছে যথাযথ প্রক্রিয়া ছাড়াই তাকে দোষী সাব্যস্ত করা হয়েছে। ইরানের বর্তমান বিক্ষোভে জড়িত  থাকার দায় কমপক্ষে ১০০ জন ব্যক্তিকে মৃত্যুদন্ডে দন্ডিত করা হয়েছে  যাদের  মধ্যে  দুইজনের মৃত্যুদন্ড  কার্যকরও হয়েছে।
JOE BIDEN,JOE BIDEN_A,ক্ষমতায় আসার পর থেকেই নতুন মার্কিন প্রেসিডেন্ট জো বাইডেনকে করোনা পরিস্থিতি নিয়ে কাজ করতে হয়েছে ।করোনা বিস্তার ঠেকাতে তিনি জনগণকে প্রথম ১০০ দিন মাস্ক পড়ার আহ্বান জানান ।যুক্তরাষ্ট্রে প্রায় এক কোটি ৪০ লাখ মানুষের করো না সনাক্ত হয়েছে এবং মারা গিয়েছে ২ লাখ ৭৫ হাজার মানুষ। করোনা ঠেকাতে যুক্তরাষ্ট্রের সাবেক প্রেসিডেন্ট বারাক ওবামা জর্জ ডব্লিউ বুশ এবং বিন ক্লিনটন বলেছেন যে সরকারের অনুমোদন যে টিকা পাবে সেটির প্রতি জনগণের আস্থা তৈরি করতে তারা ক্যামেরার সামনে ওই টিকা নিবেন।তবে টিকা গ্রহণ বাধ্যতামূলক করা হবে না বলেছেন প্রেসিডেন্ট জো বাইডেন । বিখ্যাত মার্কিন জরিত কারী প্রতিষ্ঠান ইউ রিসার্চ সেন্টারের সর্বশেষ সমীক্ষায় পাওয়া যায় ৬০% মানুষ টিকা গ্রহণের জন্য প্রস্তুত । কোভিড টিকা সবাইকে বিনামূল্যে দেওয়া হবে এবং টিকা গ্রহণের পর  শারীরিক সমস্যা চিকিৎসাও বিনামূল্যে দেওয়া হবে বলেছেন প্রেসিডেন্ট ।ক্ষমতায় আসার পর আরেকটি নতুন চ্যালেঞ্জ নিয়ে কাজ করতে হচ্ছে এই নতুন প্রেসিডেন্টকে । সাবেক প্রেসিডেন্ট ডোনাল্ড ট্রাম চিনা অ্যাপ টিকটক ও উই চ্যাট বন্ধে যে আইনি উদ্যোগ নিয়েছিল তা আপাতত স্থগিত করেছেন বর্তমান প্রেসিডেন্ট । ডোনাল্ড ট্রাম্পের দাবি ছিল চীনা প্রতিষ্ঠানের তৈরি মুঠোফোন এপ মার্কিন ব্যবহারকারীদের মধ্যে ছড়িয়ে পড়া মানে যুক্তরাষ্ট্রের জাতীয় নিরাপত্তা বৈদেশিক নীতি এবং অর্থনীতি হুমকির মুখে ।এছাড়া করোনা কালে ট্রাম্পের আরেকটি বিতর্কিত অবিভাসন আইন ছিল পাবলিক চার্জ ।এটার নিয়ম ছিল যারা সরকারি সহায়তা গ্রহণ করবে তাদের গ্রিন কার্ড দেওয়া হবে না  ।ফলে কহরো না মহা মরিতে যুক্তরাষ্ট্রে বেকার  বহু অভিবাসী পরিবার সংসার চালাতে হিমশিম খাচ্ছে । নতুন প্রেসিডেন্ট এখন এইসব নীতিমালা  গুলোতে ব্যাপক পরিবর্তন এনেছেন এই বিষয়ে যুক্তরাষ্ট্রে বিভিন্ন অঙ্গরাজ্যের মতানৈক্যের জন্য অনেকগুলো মামলা চলছে ।
JOE BIDEN,JOE BIDEN_B,"যুক্তরাষ্ট্রের ৪৬ তম প্রেসিডেন্ট হিসেবে গত ২০ জানুয়ারি শপথ নেন জো বাইডেন ।৩০ এপ্রিল তার প্রশাসন প্রথম ১০০ দিন পার করেন তবে একটি জরিপে উঠে এসেছে ।গত ১০০ বছরের যুক্তরাষ্ট্রে ১৪ জন প্রেসিডেন্ট ক্ষমতায় ছিলেন ।এই সকল প্রেসিডেন্টের মধ্যে বাই ট্রেনের জনপ্রিয়তা তৃতীয় সর্বনিম্নে ১৮ থেকে ২১ এপ্রিলের মধ্যে ১ হাজার ৭ জন প্রাপ্তবয়স্ক মার্কিন নাগরিকের উপর টেলিফোনে এই জরিপ চালানো হয়।বাই দেন এমন এক সময় ক্ষমতা নিয়েছেন যখন করোনা মহামারীর চ্যালেঞ্জ মোকাবেলায় কুপোকাত যুক্তরাষ্ট্র সহ পুরো বিশ্ব।জলবায়ু পরিবর্তন অভিবাসন সহ নানা বিষয় ট্রাম্পের নীতি থেকে দেশকে সরিয়ে এনে যুক্তরাষ্ট্রের ভাবমূর্তি ফেরানোর চ্যালেঞ্জ ছিল ।তার সামনে দেশের উন্নয়নের জন্য তিনি বিভিন্ন প্রযুক্তি প্রতিষ্ঠানের প্রধানদের সঙ্গে বৈঠকে বসেছেন।বাইডেন বৈঠকে সাইবার নিরাপত্তা নিয়ে আলোচনা করবেন। অ্যাপলের প্রধান মাইক্রোসফটের সি ইউ অ্যামাজনের সিইও যোগ দেবেন বলে জানিয়েছে সংবাদ মাধ্যম। এছাড়া প্রেসিডেন্ট এর সাথে  বসবেন তিনি।  তবে দুই দেশের করোনা পরিস্থিতির কারণে ভার্চুয়াল বৈঠকের আয়োজন এর চেষ্টা চলছে।  করোনার উৎস,  তাইওয়ান দক্ষিণ চীন সাগর বাণিজ্য যুদ্ধসহ বিভিন্ন ইস্যুতে চীনের সঙ্গে যুক্তরাষ্ট্রের সম্পর্কে উত্তেজনা রয়েছে.  যুক্তরাষ্ট্রের পার্লামেন্ট ভবন  ক্যাপিটাল এ হামলার এক বছর পূর্ণ হচ্ছে ছয় জানুয়ারি এই দিনে ওয়াশিংটন পার্লামেন্টের যৌথ অধিবেশন চলাকালে ট্রাম্পের  উগ্র সমর্থকরা হামলা চালায় ।এ বিষয়ে বাইডেন জাতির উদ্দেশ্যে ভাষণ  দিবেন ।তার ভাষণে ক্যাপিটাল হামলায় নিহত ব্যক্তি এবং ওই সময়ে দায়িত্ব রত নিরাপত্তা কর্মীদের স্মরণ করবেন এবং কি হয়েছিল সেদিন সে ব্যাপারেও কথা বলবেন।এই বিষয়ে  ট্রাম্প বলেছেন ১৫ জানুয়ারিতে একটি সমাবেশে তিনি তার অবস্থান জানাবেন। এই ঘটনা তার উপর মিথ্যা দায়ভার  চাপানোর জন্য ডেমোক্রেটিক পার্টি,  নিজের দল রিপাবলিক পার্টি এর কিছু নেতা কিছু নেতা এবং সংবাদমাধ্যমকে দায়ী করেছেন।"
JOHNY DEPP,JOHNY DEPP_A,হলিউড অভিনেতা জনি ডেপ এবং তার প্রাক্তন স্ত্রীর পাল্টাপাল্টি মানহানির মামলায় উঠে এসেছে । ২০১৫ পর থেকে দুজনের সম্পর্কে চরম অশান্তির উঠে এসেছিল । ২০১৭ তে বিচ্ছেদের পর জনি ডেপ  ৫০ মিলিয়ন ডলারে ক্ষতিপূরণ চেয়ে তিনটি মামলা করেন। এছাড়া অ্যাটর্নি ফ্রি ও আদালতের খরচ মিলিয়ে তিন লাখ পঞ্চাশ হাজার ডলারের শাস্তি মূলক পুরস্কার চেয়েছেন ।  অন্যদিকে ডেপের বিরুদ্ধে ১০০ মিলিয়ন ডলারের একটি পাল্টা মামলা করেছেন হার্ড।ডেপর বিরুদ্ধে শারীরিক মানসিক এবং যৌন নির্যাতনের অভিযোগ আনেন হার্ড। এদিকে ডেপদাবি করেন তিন বছরের কোন গায়ে হাত তোলেন নি বা যৌন নির্যাতন বরং অনেকবার তর্কাতর্কির সময় তার সঙ্গে সহিংস আচরণ করেছেন। হার্ট বলেন সূত্রপাত হয়েছিল একটি ট্যাটু থেকে বেশ করেছি নাকি।  ট্যাটুতে কি লেখা আছে উত্তরের ডেপ বলেছেন উইনো  তা শুনে হেসে ফেলেছিলেন হার্ড ভেবেছিলেন এটা হয়তো কোন কৌতুক এরপরই নাকি  ডেপ  হার্ডকে চড় মারে  এবং তার হাত থেতলে যায়।  বিচ্ছেদের এক বছর পর  ওয়াশিংটন পোস্টে লিখেছিলেন। সর্বশেষ  ডেপ ও তার প্রাপ্তন স্ত্রী কেসের সাক্ষ্য গ্রহণের চোদ্দতম  দিনে এই সাক্ষ্য দিলেন হার্ড।  এগুলো সব কিছুই ডেপ অস্বীকার করছেন।
JOHNY DEPP,JOHNY DEPP_B,মানহানি মামলায় জনি দেব এর কাছে হেরে গেছেন অ্যাম্বার হার্ড ।আদালত এই অভিনেত্রীকে জরিমানা বাবদ ১০ মিলিয়ন ৩৫০ হাজার মার্কিন ডলার দেওয়া নির্দেশ দেন । এদিকে বিভিন্ন গণমাধ্যমে শোনা যাচ্ছে জনিদেবের সাথে তিনি গোপনেদেখা করছেন জরিমানার অংক কমাতে অনুরোধ করছেন। তবে শেষ পর্যন্ত রাজি হননি ডেপ ২০০৯ সালে জনি ডেপ ও আম্বার হার্ড এর পরিচয় এবং ২০১৪ সালের মেট গালাতে বাগদান সারেন  ।তারা দুজন পরের বছর ঘরোয়া ভাবে আনুষ্ঠানিকতা সম্পন্ন করেন । এত তিক্ততার পর ও সাবেক স্ত্রী হার্ড  এর বিরুদ্ধে কোন বাজে মন্তব্য করতে চাননা।  ডেপ মামলা জয়ের পর বেশ ফুরফুরে মেজাজে আছেন । ডেপ বর্তমানে তিনি বিভিন্ন বেনু ইংরেজি গিটারিস্ট সঙ্গে পারফর্ম করছেন । জনি আগামী বছরের ট্যুরে যেতে মুখে আছেন যদিও তার হাতে এখন অনেক কাজ জমে গেছে । তারপরও তিনি এতে খুশি এবং সময়টাকে জীবনের নতুন অধ্যায় মনে করছেন কারণ গত কয়েক বছরের ধুর ঝামেলা ও দুশ্চিন্তা থেকে মুক্তি পাওয়ার পর সঙ্গীতকেই উপভোগ করছেন।  তার আলোচিত ক্যাপ্টেন জ্যাক স্প্যার হিসেবে ফিরতে চান না ডেপ জনি ডেপকে ফেরাতে এই চলচ্চিত্র সিরিজে ৩০১ মিলিয়ন ডলারের লোভনীয় প্রস্তাব পাঠিয়েছিল প্রতিষ্ঠানটি।  কিন্তু ফেরাতে পারেনি আদালতে শুনানি চলাকালেও হার্ড  এর  আইনজীবীকে বলেছিলেন এ পৃথিবীর কোন কিছুই কি ফেরাতে পারবে না এই ভূমিকায় ।
JONGI_CHINTAI,JONGI_CHINTAI_A,"আদালত প্রাঙ্গণে পুলিশের উপর পেপারস্প্রে নিক্ষেপ করে দুই জঙ্গিকে ছিনতাই করেছে অন্য জঙ্গিরা।পুলিশ ধারনা করছে জঙ্গিরা গত ছয়মাস যাবৎ এই পরিকল্পনা করছে যদিও তাদের টার্গেট চার জন জঙ্গিকে উদ্ধার করা হলেও তারা মাত্র দুইজনকে উদ্ধার করতে পেছে।পালিয়ে যাওয়া দুই জঙ্গি সদস্য হলেন মইনুল হাসান শামীম ওরফে সিফাত সামির ও মো. আবু ছিদ্দিক সোহেল ওরফে সাকিব।তারা জাগৃতি প্রকাশনীর প্রকাশক ফয়সল আরেফিন দীপন এবং লেখক ও ব্লগার অভিজিৎ রায় হত্যা মামলার মৃত্যুদণ্ডপ্রাপ্ত আসামি।এই ঘটনায় দেশের সকল থানায় এই জঙ্গিদের ছবি পাঠিয়ে দেওয়া হয়েছে এবং সকল আঈনশৃংখলা রক্ষাকারি বাহিনিকে সতর্ক থাকার নির্দেশ দিয়া হয়েছে বলে জানিয়েছেন।আদালত থেকে জঙ্গি ছিন্তাই এর ঘটনায় একজনকে আটক করা হয়েছে বলে জানিয়েছেন সিটিটিসি এর এক সদস্য।নাম না জানানোর শর্তে তিনি বলেন আটককৃত মেহেদী হাসান অমি ওরফে রাফি (২৪) আনসার আল ইসলামের সামরিক শাখার সদস্য।""কখনো বলিনি, দেশে জঙ্গিদের মূল উৎপাটন করেছি আমরা। শুধু আমাদের দেশ নয়, জঙ্গিবাদ একটি বৈশ্বিক সমস্যা। দেশে জঙ্গিবাদ আমরা নিয়ন্ত্রণে এনেছি"" এক সন্ত্রাস, জঙ্গিবাদ ও মাদকবিরোধী সমাবেশে প্রধান অতিথির বক্তব্যে এসব কথা বলেন স্বরাষ্ট্রমন্ত্রী। মেহেদী নিষিদ্ধঘোষিত জঙ্গি সংগঠন আনসার আল ইসলামের প্রধান সমন্বয়ক হিসেবে দায়িত্ব পালন করে আসছিলেন। এক সংবাদ সম্মেলনে ঢাকা মহানগর পুলিশের (ডিএমপি) কাউন্টার টেররিজম অ্যান্ড ট্রান্সন্যাশনাল ক্রাইম (সিটিটিসি) ইউনিটের প্রধান অতিরিক্ত পুলিশ কমিশনার মো. আসাদুজ্জামান এসব কথা বলেন।"
JONGI_CHINTAI,JONGI_CHINTAI_B,আদালতের ফটক থেকে জঙ্গি ছিনতাই এর ঘটনায় আটক মেহেদী হাসান অমি ওরফে রাফিকে (২৪) সাত দিনের রিমান্ডে দিয়েছে আদালত।পুলিশ দশ দিনের রিমান্ডে আবেদন করলেও দুই পক্ষের শুনানি শেষে ঢাকার চিফ মেট্রোপলিটন ম্যাজিস্ট্রেট (সিএমএম) আদালত এই আদেশ দেন।সিটিটিসি এর তথ্যমতে এই মেহেদি হাসান জঙ্গি ছিনতাই এ সক্রিয় ভাবে জরিত।সে আনসার আল ইসলামের সামরিক শাখার সদস্য।এছারাও এই একই ঘটনায় ইতিপূর্বে ১০জনের ১০দিনের রিমান্ডের আবেদন মঞ্জুর করেছে আদালত।আদালত থেকে জঙ্গি ছিনতাই এর ঘটনায় রিমান্ডে নেওয়া আসামি মেহেদি হাসান কে জিঙ্গাসাবাদে ছিনিয়ে নেওয়া দুই জঙ্গি সম্পর্কে কোন তথ্য পাওয়া যায়নি।এছারাও এই ঘটনায় পুলিশ সদস্য নূরে এ আজাদ সাময়িক বরখাস্ত করা হয়েছে।এই ছিনতাই এর ঘটনার পর তিনি হাসপাতালে ভর্তি ছিলেন কাজে যোগ দেওয়ার পরেই তাকে সাময়িক বরখাস্ত করা হয়।এই ঘটনায় আরো পাঁচ পুলিশ সদস্যকে বরখাস্ত করা হয়।এরপর ইদি আমিন নামের এক আসামি ইতিমধ্যে আত্মসমর্পন করেছে এবং পুলিশের আবেদনের প্রেক্ষিতে তাকে চার দিনের রিমান্ডের আদেশ দিয়েছে ঢাকার চিফ মেট্রোপলিটন ম্যাজিস্ট্রেট (সিএমএম) আদালতের অ্যাডিশনাল চিফ মেট্রোপলিটন ম্যাজিস্ট্রেট তোফাজ্জল হোসেন।
META FACEBOOK,META FACEBOOK_A,"ফেসবুকের নাম পরিবর্তন ব্যাপারে অনেকে তাদের মতামত প্রকাশ করেছেন। দা ভার্জ ফেসবুকের নাম পরিবর্তন ব্যাপারে প্রথম পরিকল্পনা প্রকাশ করেন। অনেকে অনেক নামের ধারণা দেয় কেউ বলে ""দা ফেসবুক"" রাখতে কেউবা ""এফবি""। ফেসবুকের সাবেক কর্মকর্তা সমিদ চক্রবর্তী ""মেটা"" নামের প্রস্তাব দিয়েছেন। মেটা ডট কমে ঢুকলে মেটা ডট অর্গ ওয়েবসাইটে নিয়ে যান।  মেটাভার্স হল এক ভার্চুয়াল দুনিয়া। এই ভার্চুয়াল ব্রহ্মাণ্ডে মানুষ সব কাজই করতে পারবেন ভার্চুয়ালি। সেই মেটাভার্সের কথা মাথায় রেখেই এই নামবদল ফেসবুকের। ফেসবুকের নাম পরিবর্তনের আর একটি কারণ হলো সিলিকন ভেলি প্রতিষ্ঠান গুলো সংক্ষিপ্ত নাম পছন্দ করে। ২০১৭ সালে মেটা নামের প্রতিষ্ঠানটি অধিগ্রহণ করেন চ্যান জাকারবার্গ ইনিশিয়েটিভ। তাদের ওয়েবসাইটের  মেটা ডট ‌অগের মাধ্যমে প্রতিষ্ঠানটির কৃত্রিম বুদ্ধিমত্তা উন্নয়ের কাজ চলছে। ফেসবুকের নাম পরিবর্তন করে ""মেটা"" নাম রাখা ইসরাইলের হিব্রু ভাষাভাষীরা মানতে পারছে না। কারণ মৃতের হিব্রু প্রতিশব্দের উচ্চারণ কিছুটা মেটা এর মতোন। ফেসবুক বাদেও আরো কিছু প্রতিষ্ঠান তাদের নাম পরিবর্তন করেছেন । যেমন : বিলাস বহুল গাড়ির নির্মাতা রলস রয়েস তাদের সিলভার মিস্টার নাম পরিবর্তন করে সিলভার সেডো রেখেছে। কারণ জার্মান ভাষায় মিস্ট মনে বিষ্ঠা। রয়টার্স প্রতিবেদনে বলা হয়েছে মেটার নাম পরিবর্তন হলে কানাডার নোভা স্কয়ার হলিফ্যাক্সের মেটা মেটেরিয়ালতাদের শেয়ারের দাম বাড়ায় দিবে। মেটা মেটেরিয়ালসের সিইও জর্জ পালিকারাস ঠাট্টা করে টুইটারে লিখেছেন মেটা ম্যাটেরিয়ালস থেকে ফেইসবুকে আন্তরিকভাবে মেটা ভার্সে স্বাগত জানাই।"
META FACEBOOK,META FACEBOOK_B,মার্ক জাকারবার্গ ফেসবুকের নাম পরিবর্তন করে মেটা দেওয়ার সিদ্ধান্ত নেন ভার্চুয়াল সম্মেলনে। ১০হাজার কর্মী নিয়োগ করা হবে যাদের কাজ হবে মেটাভার্স তৈরি করা। মেটাভার্সের মাধ্যমে সবাই কথোপকথন সহ যেকোনো সুবিধা নিতে  পারবে। ফেসবুকের নাম পরিবর্তন নিতে অনেক সমালোচনার মধ্যে ও পড়তে হয়েছে যেমনটি করেছে ফেসবুকের সাবেক কর্মী হাউগেন তিনি বলেছেন ফেসবুক মুনাফার উপর বেশি গুরুত্ব দেয়।ফেসবুকের খরচ কমাতে ব্যাপক কর্মকর্তা ছাঁটাইয়ের কথা জানিয়েছেন। মার্ক জাকারবার্গ এক ব্লগ পোস্টে জানিয়েছেন যে ফেসবুকের ১৩ শতাংশ কর্মী ছা‌‌টাই করবেন। ২০০৪ সালে ফেসবুক প্রতিষ্ঠানের পর এই প্রথম বাজেট ছাঁটাই করা হবে। কর্মী ছাঁটাই করার পূর্বে ৮৭ হাজার কর্মী ছিল। যেসব কর্মী ছাঁটাই করা হবে তাদের কে ১৬ সপ্তাহের মূল বেতন সহ প্রতিবছর হিসেবে ২সপ্তাহের বাড়তি বেতন দেওয়া হবে। কর্মী ছাঁটাইয়ের মতোন উদ্যোগ টুইটার বাদে মাইক্রোসফটের মতোন প্রতিষ্ঠানও নিয়েছে।
NATIONAL_GRID,NATIONAL_GRID_A,"২৩২ কেভি গ্রিড লাইনের ত্রুটিতে ব্রাহ্মণবাড়িয়ার আশুগঞ্জ তাপবিদ্যুৎ কেন্দ্রের ২২৫ মেগাওয়াট ক্ষমতা সম্পন্ন এক ইউনিটের উৎপাদন বন্ধ হওয়ায় অন্তত সাতটি জেলায় বিদ্যুৎ সরবরাহ বন্ধ হয়ে যায়। জেলাগুলোর মধ্যে রয়েছে ব্রাহ্মণবাড়িয়া, কিশোরগঞ্জ, নরসিংদী, সিলেট, মৌলভীবাজার, হবিগঞ্জ ও সুনামগঞ্জ।আশুগঞ্জ তাপ বিদ্যুৎ কেন্দ্রের ব্যবস্থাপনা পরিচালক সাজ্জাদুর রহমান সাংবাদিকদের জানান, আশুগঞ্জ-ঘোড়াশাল ২৩২ কেভি গ্রিডলাইনে ত্রুটির কারণে বেশ কয়েকটি জেলায় বিদ্যুৎ সরবরাহ বন্ধ হয়ে যায়। পাশাপাশি আশুগঞ্জ বিদ্যুৎ কেন্দ্রের ২৫০ মেগাওয়াট ক্ষমতাসম্পন্ন একটি ইউনিটে বিদ্যুৎ উৎপাদন বন্ধ হয়ে যায়।জানা যায়, আশুগঞ্জ-ঘোড়াশাল ২৩২ কেভি গ্রিড লাইনের আশুগঞ্জ সাবস্টেশনে ত্রুটি দেখা দেয় ফলে ২৫০ মেগাওয়াট ক্ষমতাসম্পন্ন কেন্দ্রটি তাৎক্ষণিকভাবে বন্ধ হয়ে যায়।পিজিসিবির জনসংযোগ শাখার কর্মকর্তা বদরুদ্দোজা সুমন জানান, আশুগঞ্জ পাওয়ার স্টেশনের একটি ট্রান্সফরমার বিকল হয়ে যাওয়ার কারণে ফেঞ্চুগঞ্জ -শ্রীমঙ্গল গ্রিড লাইনে এবং ওভার লোডের কারণে ওই লাইনটি ট্রিপ করে যায়। যার ফলে ওই অঞ্চলের কয়েকটি জেলা বিদ্যুৎ বিচ্ছিন্ন হয়ে পড়ে এবং এটা ঠিক করতে ২/৩ ঘণ্টা প্রয়োজন।অন্যদিকে এই বিপর্যয়ের কারণে ঢাকা, চট্টগ্রাম, সিলেট, ময়মনসিংহসহ দেশের বিভিন্ন এলাকার বিঘ্নিত হচ্ছে মোবাইল ফোন সেবাও। সমস্যা সমাধানে বিআরটিসির ভাইস চেয়ারম্যান জানান বিদ্যুৎ বিভ্রাটের কারণে এমন সমস্যা হয়েছে। এজন্য বিদ্যুৎ আসা পর্যন্ত অপেক্ষা করতে হবে।"
NATIONAL_GRID,NATIONAL_GRID_B,"জাতীয় গ্রীড বিপর্যয়ের কারণে গরমের মধ্যে বিদ্যুৎ-পানি না পাওয়ার কষ্টের মধ্যে খাবার নিয়েও দুশ্চিন্তার কথা জানানন সাধারণ জনগণ। এক মাসের ব্যবধানে দ্বিতীয় বার গ্রিড বিপর্যয়ে দেশের বিশাল এলাকা অন্তত ছয় ঘণ্টা বিদ্যুৎহীন থাকে। দুর্গাপূজার মতো উৎসবের মধ্যে এই ধরনের বিপর্যয় জনদুর্ভোগ তুলেছিল চরমে।দীর্ঘক্ষণ চলা জেনারেটরের তেল ফুরিয়ে ঢাকার আবাসিক ও বাণিজ্যিক ভবনগুলো আলোহীন হয়ে পড়ে, দেখা দেয় পানির সঙ্কট, টাকা তোলা যাচ্ছিল না এটিএম বুথ থেকে। বাতি না জ্বলায় ও পাখা না ঘোরায় হাসপাতালের রোগীদের কষ্ট বেড়েছিল। কী কারণে কোথায় বিদ্যুতের জাতীয় সঞ্চালন লাইনে ত্রুটি দেখা দেয়, বিদ্যুৎ বিভাগের দায়িত্বশীল কর্মকর্তাদের সাথে যোগাযোগ করেও তা নিশ্চিত হওয়া যায়নি।এর আগে গত ৭ সেপ্টেম্বর জাতীয় গ্রিডের একটি সঞ্চালন লাইনে বিভ্রাট দেখা দিলে রাজশাহী, খুলনা, বরিশাল বিভাগসহ দেশের বিশাল এলাকা ৪০ মিনিট থেকে দেড় ঘণ্টা বিদ্যুৎহীন থাকে।তার ২৩ দিন পর মঙ্গলবার দুপুরে সঞ্চালন লাইন আবার অকার্যকর হয়ে পড়ে।যার ফলে জাতীয় গ্রিডের পূর্বাঞ্চলের বিদ্যুৎ সরবরাহ ব্ন্ধ হয়ে যায়।এর পর থেকেই বিদ্যুৎ প্রতিমন্ত্রী নিজের ফেইসবুক পাতায় বিদ্যুৎ বিপর্যয়ের জন্য দুঃখ প্রকাশের পাশাপাশি পরিস্থিতির উন্নতি হওয়ার খবর দিয়ে যান।এছাড়া বিদ্যুৎ বিভাগকে আরও দুটি তদন্ত কমিটি গঠনের নির্দেশ দেয়া হয়।চলতি মাসের শুরুতে বিদ্যুত বিপর্যয়ের ঘটনায় পিজিসিবি দুই প্রকৌশলীকে দায়িত্বে ‘অবহেলার’ অভিযোগে সাময়িক বরখাস্ত করা করেছে।"
NEPAL PLANE CRASH,NEPAL PLANE CRASH_A,"১৫ জানুয়ারি ২০২৩ তারিখের রিপোর্ট অনুযায়ী নেপালের পোখরায় ৬৮ আরোহী ও চারজন করু নিয়ে বিমান বিধ্বস্ত হওয়ার পর ৪৪ জন উদ্ধার হয়েছে । বিমানটি কাঠমুন্ডু থেকে উডয়নের ২০ মিনিটের মাথায় আঁচড়ে পড়ে মাটিতে। যান্ত্রিক ত্রুটির কারণেই দুর্ঘটনাটি ঘটেছে । বিমানটিতে পাঁচজন ভারতীয় , চারজন রুশ, দুজন দক্ষিণ কোরিয়া আয়ারল্যান্ড অস্ট্রেলিয়া ফ্রান্স ও আর্জেন্টিনা করে । মোট ৭২ আরোহীর মধ্যে ৬৮ জনের লাশ উদ্ধার হয়েছে , বাকি চারজন নিখোঁজ রয়েছেন । "
NEPAL PLANE CRASH,NEPAL PLANE CRASH_B,"স্থানীয় বাসিন্দাদের অনেকেই উড়োজাহাজটি আছে পড়ার দৃশ্য দেখেছেন, শুনতে পেয়েছেন বিস্ফোরণের শব্দ । অল্পের জন্য প্রাণীর রক্ষা পাওয়া গীতা বলেন, উড়োজাহাজটি তাদের বাড়ির আরেকটি কাছে পড়লেই বসতি এলাকা ক্ষতিগ্রস্ত হতো । নেপালের পোখরা মেট্রোপলিটন সিটির শার্ট এর ঘাড়ি পাতানে সাড়ে দশটার দিকে বিমানটি বিধ্বস্ত হয়। ভিডিওটি একটি বাড়ির ছাদে দাঁড়িয়ে তুলেছেন এক ব্যক্তি,। তাতে দেখা যায়, মাছ আকাশেই নিয়ন্ত্রণ হারায় বিমানটি গাড়ি চিহ্ন তারপর প্রায় উল্টে যায়। এর কিছুক্ষণের মধ্যেই ভয়ংকর শব্দ শোনা যায়। এই দুর্ঘটনায় জীবিত উদ্ধার হয়েছেন যারা তাদের আঘাত গুরুতর ।"
OBAMA,OBAMA_A,"৪ নভেম্বর ২০১৭ তারিখের পত্রিকা অনুযায়ী জানুয়ারিতে আমেরিকার প্রেসিডেন্ট বারাক ওবামা তার মেয়াদের দায়িত্ব পুরো করে নাগরিক হিসেবে নতুন দায়িত্ব পালনের ডাক পেয়েছেন বিচারক পদে । ইলিয়ন অঙ্করাজ্যের কুক কাউন্টিতে বিচারক হবার জন্য যে যোগ্যতা দরকার অর্থাৎ ডিগ্রী , অভিজ্ঞতা সবই রয়েছে তার । এর আগে এই পদে উল্লেখযোগ্য বিচারক ছিলেন অপরাহ উইনফ্রের । এরপর ১৪ই মার্চ ২০২২ তারিখে পত্রিকায় প্রকাশিত হয় বারাক ওবামা করোনাভাইরাসে সংক্রমিত হয়েছেন । তার স্ত্রী অবশ্য করোনা নেগেটিভ ছিলেন । ওবামা ষাট বছর বয়সে হাওয়াই থেকে ওয়াশিংটন ডিসিতে ফেরার পর করনায় আক্রান্ত হন। এরপর ২৯ অক্টোবর ২০২২ তারিখের খবর অনুযায়ী যুক্তরাষ্ট্রের মধ্যবর্তী নির্বাচন হবে ৮ নভেম্বর । এই নির্বাচনের মাধ্যমে গণতন্ত্র হুমকির মুখে পড়তে যাচ্ছে বলে মন্তব্য করেছেন ওবামা । তিনি জার্জিয়া জনসমাবেশে জোর গলায় গণতন্ত্রের বিরুদ্ধে ষড়যন্ত্র রুখতে চেয়েছেন । এরপর ৯ জানুয়ারি ২০২৩ তারিখের খবর অনুযায়ী ওবামা ফাউন্ডেশন ২০২৩-২৪ শিক্ষাবর্ষের স্কলারস প্রোগ্রাম শুরু হয়েছে । এতে স্পষ্টভাবে প্রোগ্রামের মেয়াদ , আবেদনের যোগ্যতা , প্রয়োজনীয় কাগজপত্র , সুযোগ-সুবিধা এবং আবেদনের শেষ তারিখ উল্লেখ করা হয়েছে ।"
OBAMA,OBAMA_B,"৭ এপ্রিল ২০১৯ তারিখের খবর অনুযায়ী বারাক ওবামা ইউরোপের তরুণদের জলবায়ুকে সুরক্ষিত করার আন্দোলনের প্রশংসা করেছেন ।১৪ হাজার দর্শকের সামনে কোলোনের ওয়ার্ল্ড লিডারশিপ সামিটে। ওবামা তরুণদের অনুরোধ জানিয়েছেন যেকোন নির্বাচনে বৈশ্বিক তাপমাত্রা রোধে প্রয়োজনীয় সিদ্ধান্ত নেয়ার জন্য তাদের এগিয়ে আসতে হবে । ওবামা ৩০০ তরুণের সঙ্গে জলবায়ু , নাগরিক সমাজ , খাদ্য নিরাপত্তা ও সমসাময়িক বিষয় নিয়ে ও আলোচনা করেছেন । এরপর ৩১ মে ২০২০ তারিখে ওবামা গ্রাজুয়েশনের সমাবর্তনে ওবামা বলেছেন গ্র্যাজুয়েশন হলো জীবনের সেরা অর্জনের একটি । এটি হলো পরিণত জীবনের দিকে পা বাড়ানোর প্রথম ধাপ । তিনি বলেন নানান ধরনের প্রতিকূল পরিবেশ এবং মহামারীর বিরূপ প্রভাব থাকা সত্ত্বেও তোমাদের আগেই পরিণত হতে হবে । তিনি বলেন প্রথমত ভয় পেয়ো না দ্বিতীয়ত নিজের মন যেটা সায় দেয় সেটা কর । তৃতীয়তঃ মৌলিক আদর্শের চর্চা করবে নিজের গণ্ডি গড়ে তোল , সকলে একত্রে কাজ করতে হবে । এরপর ৪ সেপ্টেম্বর ২০২২ তারিখের রিপোর্ট অনুযায়ী বারাক ওবামা এমি অ্যাওয়ার্ড জিতলেন এবং তিনি এ গট উপাধি পেলেন । বিশ্বের সফল দাম্পত্তিদের তালিকায় শুরুর দিকেই থাকতেন ওবামা ও মিশেল ওবামা । মিশেলের ভাষ্যমতে সম্পর্কে তিনি দিয়েছেন ৭০ ভাগ , বারাক ৩০ ভাগ।"
PADMA_BRIDGE,PADMA_BRIDGE_A,"পদ্মা সেতু দক্ষিণ থানার ভারপ্রাপ্ত ওসি শেখ মোহাম্মদ মোস্তাফিজুর রহমান জানান, নবনির্মিত ইলিশের ভাস্কর্য পানির ফোয়ারা পদ্মা সেতু দেখতে ঈদের পরের দিন অনেক মানুষ ভিড় করছে জাজিরা প্রান্তে। এছাড়াও পদ্মা সেতুর ১০.৫ কিলোমিটার সংযোগ সড়ক ও সেনানিবাস এলাকায় বিভিন্ন ফুলের গাছ রয়েছে সেখানেও মানুষের উপস্থিতি লক্ষ্য করা গেছে।তাদের মাঝে চুয়াডাঙ্গার ৪০ জনের একটি শ্রমিকের দল ছিল।পরিবার নিয়ে ঘুরতে এসেছেন চট্টগ্রামের লোহাগাড়ার বাসিন্দা আরমান খান, তিনি বলেন, পদ্মা সেতুর কারণে যোগাযোগ অনেক সহজ হয়েছে। এ ছাড়াও টাঙ্গাইলের একটি কলেজের ৪০ শিক্ষার্থী এসেছিল। তারা পদ্মা সেতু দেখতে পারে অনেক উচ্ছ্বসিত।বরিশালের আগৈলঝাড়ার বাসিন্দা হুমায়ুন কবীর হুমায়ুন কবীর বিয়ে করেছেন ৩০ শে জুন এবং তিনিও স্ত্রীর সাথে পদ্মা সেতু ভ্রমণে এসেছেন। এছাড়াও  গাজীপুরের শ্রীপুর থেকে দুটি বাসে করে 80 জনের একটি দল এসেছেবাংলাদেশের সেতু কর্তৃপক্ষ জানায়, ২০১৪ সালে পদ্মা সেতুর কাজ শুরু হওয়ার সময় থেকে মানুষের মাঝে রকম উত্তেজনা বিরাজ করছে।এমনকী শরীয়তপুর থেকে একটি বিদ্যালয়ের শিক্ষার্থীরা ট্রলারে করে এসেছেন পিকনিক করতে।নাওডোবার বাসিন্দা ইসমাইল হোসেন পদ্মা নদীতে ট্রলার চালান। তিনি প্রথম আলোকে জানান, আগে ফেরিতে করে মানুষ পারাপার হলেও নতুন পদ্মাসেতু হয়। অনেকেই নৌপথে তা দেখতে আসছেন। এতে করে পদ্মা সেতুর দুপাশে মেলার সৃষ্টি হয়েছে।একটি বেসরকারি বিশ্ববিদ্যালয়ের ছাত্রদের একজন বলেন হঠাৎ পরিকল্পনাতেই তারা এখানে ঘুরতে এসেছেন। সাধারণ মানুষকে পদ্মা সেতু দেখাতে উদ্যোগ নিয়েছে সিটি করপোরেশন সপ্তাহে দুদিন ২৯ আসন করে ৫৮ আসনের দুটি এসি ট্যুরিস্ট কোস্টারে তারা যাত্রীদের নিয়ে পদ্মা সেতুতে যাবেন এবং জন প্রতি খরচ ৯৯৯ টাকা।‘স্বপ্নের পদ্মা সেতু ভ্রমণ’ শীর্ষক প্যাকেজ ট্যুরটি আনুষ্ঠানিকভাবে উদ্বোধন করবেন বেসামরিক বিমান পরিবহন ও পর্যটন প্রতিমন্ত্রী মাহবুব আলী এবং পর্যটকদের কাছ থেকে ভালোই সারা পাওয়া যাচ্ছে বলে তাঁরা জানিয়েছেন। প্রথম দিনে সাত জন শিক্ষার্থী যাত্রী পাওয়া গেছে 29 জুলাই পর্যন্ত টিকিট বুকিং হয়ে আছে।"
PADMA_BRIDGE,PADMA_BRIDGE_B,"পদ্মাসেতু মংলা সুমন্দ্রবন্দরের জন্য খুলে দিয়েছে সম্ভাবনার নতুন দুয়ার।নির্মানের পর থেকেই মংলা সমুদ্র বন্দর ব্যাবহার হয়ে আসছে আমদানির ক্ষেত্রে।২০২১-২২ অর্থবছরে মে পর্যন্ত মংলা বন্দর থেকে  রপ্তানি হয়েছে ১ লাখ ৪৬ হাজার ৭৪৬ মেট্রিক টন। এর বিপরীতে আমদানি ৬৯ হাজার ৬৫৪ মেট্রিক টন। এদিকে বঙ্গবন্ধুর সমাধিতে ফুল দিতে না পারে পদ্মা নদীতে ঝাঁপ দিয়েছেন মোহাম্মদ নূরুজ্জামান নামে এক পোশাক শ্রমিক। পরে এক ভিডিও বার্তায় তিনি এ বিষয়ে ক্ষোভ জানান।পদ্মা সেতুর উদ্বোধনের ফলে দক্ষিন অঞ্চলে নৌ রুটে যাত্রি সংখ্যা কমে গেছে।প্রধানত পদ্মা সেতুর ফলে দেশের দক্ষিন অঞ্চ লে যাতায়াত সহযলভ্য হওয়ায় এবং দ্রুততম সময়ে যাতায়াতেরর জন্য সবাই স্থলপথ বেছে নিতে শুরু করেছে।এখন যেখানে ৮০-৯০ টি লঞ্চ ও ১৫০টির মত স্পিটবোট চলাচল করত সেখানে এখন লঞ্চ চলাচল করছে ৫০-৬০ টি।পদ্মা সেতু চালুর প্রথমদিন প্রথম দিন মোটরসাইকেল চলাচলের অনুমতি ছিল। পরে সেতুতে মোটরসাইকেল চলাচল নিষিদ্ধ করা হয়।সেতু কর্তৃপক্ষের হিসাব অনুযায়ী, ২৬ জুন থেকে ২৮ আগস্ট পর্যন্ত ৬৪ দিনে পদ্মা সেতু দিয়ে দিনে গড়ে যানবাহন পারাপার হয়েছে ১৬ হাজার ৮৯৯টি।যা দিয়ে আয় হয়েছে ১৪৫ কোটি টাকা। অনেকে ববলছেন আয় বেশি হলেও এখনই সেতু থেকে মুনাফা হবে না। তবে, ২০১৯ সালে অর্থ মন্ত্রণালয়ের সঙ্গে করা চুক্তি অনুসারে, প্রথম বছর মন্ত্রণালয়কে ঋণের কিস্তি পরিশোধ করার কথা প্রায় ৬০০ কোটি টাকা। অর্থাৎ, মুনাফা দূরে থাক, অর্থ মন্ত্রণালয়ের কিস্তির পুরো টাকাই শোধ করা যাবে না।"
RESERVE,RESERVE_A,"রিজার্ভ নিয়ে বিভ্রান্তি প্রশ্নে গভর্নর আব্দুর রউফ তালুকদার কে প্রশ্ন করা হলে তিনি বলেন দেশের মোট গ্রোস রিজার্ভ ৩৪.৩ বিলিওন ডলার এর থেকে ৮বিলিওন ডলার বাদ দিলে থাকে ২৬.৩ বিলিওন ডলার।এক সংবাদ সম্মেলনে অর্থমন্ত্রী মুস্তফা কামাল, অর্থ মন্ত্রণালয়ের জ্যেষ্ঠ সচিব ফাতিমা ইয়াসমিন জানিয়েছেন বাংলাদেশ ব্যাংকের হিসাবে,বৈদেশিক মুদ্রার রিজার্ভ ছিল ৩৪২৫ কোটি ডলার।যদিও প্রতি মাসে বাংলাদেশের আমদানি ব্যায় ৭বিলিয়ন ডলার এতে বর্তমান রিজার্ভ দিয়ে ৪মাস চলা সম্ভব।এতে বিভ্রান্ত হওয়ার কিছু নেই।এ নিয়ে সেতুমন্ত্রী ওবায়দুল কাদের বলেছেন, বিএনপি বিভ্রান্তিকর তথ্য ছড়াচ্ছে এবং বাংলাদেশের অবস্থা শ্রীলঙ্কার মতো হবে না। ইউক্রেন রাশিয়া যুদ্ধের কারণে পৃথিবীও স্থিতিশীল থাকলেও বাংলাদেশের পরিস্থিতি নিয়ে তা প্রশংসা করেছে আইএমএফ। তিনি আরও বলেন, ঋণের এসব অর্থ জনস্বার্থে ব্যবহার করা হবে।যদিও পলিসি রিসার্চ ইনস্টিটিউটের (পিআরআই) নির্বাহী পরিচালক আহসান এইচ মনসুর রিজার্ভ নিয়ে শঙ্কা প্রকাশ করেছেন এবং বলেছেন, এরকম চলতে থাকলে খুব শীঘ্রই তা ২০ বিলিয়ন এর নীচে চলে আসবে।  আইএমএফের ঋণ আসতে সময় লাগবে। তাই তিনি রিজার্ভ ব্যয় কমানোর নির্দেশ দিয়েছেন ইতিমধ্যে। ডলারের দাম ৮৬ থেকে বেড়ে ১০৭ টাকায় পৌঁছেছে।"
RESERVE,RESERVE_B,"বাংলাদেশ ব্যাংকের রিজার্ভ চুরির ঘটনায় হওয়া মামলার তদন্ত প্রতিবেদন জমা দেওয়ার তারিখ ষাট তম বারের মত পেছানো হয়েছে।গত ২০১৬ সালের ৪ ফেব্রুয়ারি বাংলাদেশ ব্যাংকএর ৮কোটি ১০লাখ ডলার সুইফ্ট পেমেন্ট পদ্ধতি ব্যাবহার করে চুরি করে হয়।যদিও বিভিন্ন সময় ১ কোটি ৫০ লাখ ডলার ফিরিয়ে আনা সম্ভব হয়েছে তবে এখনো সিংহ ভাগ টাকা ফিরিয়ে আনা সম্ভব হয়নি।এই ঘটনায় বাংলাদেশ ব্যাংকের পক্ষ থেকে মতিঝিল থানায় বাংলাদেশ ব্যাংকের রিজার্ভের অর্থ চুরি, মানি লন্ডারিং ও সাইবার অপরাধ দমন আইনের ধারায় মামলা করা হয় এবং মামলার দায়িত্ব পায় সিআইডি।মামলার তদন্ত কর্মকর্তা জানিয়েছেন তারা ১৩জনের গাফিলতি সনাক্ত করেছেন এই ঘটনায়।এছারা অন্যদিকে বর্তমান রিজার্ভ সংকট ও রেমিটেন্স কমে যাওয়া ও আমদানি ব্যায় বাড়ার ফলে বর্তমানে মুদ্রাব্যাস্থাও অনেক টালমাতাল অবস্থা সুরু হয়েছে।যদিও এই সংকট মোকাবিলায় আন্তর্জাতিক মুদ্রা তহবিল (আইএমএফ), বিশ্বব্যাংক, এশীয় উন্নয়ন ব্যাংক (এডিবি), জাপানের কাছে সহযোগিতা চাওয়া হয়েছে এবং সেখান থেকে প্রায় প্রায় দেড় শ কোটি ডলার পাওয়া যাবে বলে আশা করা হচ্ছে।এছারাও ররিজার্ভের পরিমানের সুষ্ঠ তদন্ত করতে আইএমএফ নির্দেশনা দিয়েছে।এই ব্যাপারে প্রধানমন্ত্রীর বেসরকারি শিল্প ও বিনিয়োগবিষয়ক উপদেষ্টা সালমান এফ রহমান বলেন আমাদের কাছে রিজার্ভ আছে ২৬ বিলিয়ন ডলার, যা দিয়ে ছয় মাসের আমদানি ব্যায় মেটানো যাবে।"
RIFAT MINNI,RIFAT MINNI_B,বরগুনার চাঞ্চল্যকর রিফাত শরীফ হত্যা মামলায় স্থানীয় একটি আদালত রিফাতের স্ত্রী আয়েশা সিদ্দিকা  মিন্নি সহ ৬ জন আসামিকে মৃত্যুদণ্ড দিয়েছে ।এই মামলায় মোট ২৪ জন আসামি এর মধ্যে ১০ জনের বিরুদ্ধে রায় ঘোষণা হয়েছে। অভিযুক্ত ১০ জনের মধ্যে নয় জন আদালতে উপস্থিত ছিলেন.  একজন আসামী এখনো পলাতক। এই নয় জনের মধ্যে ছিলেন নিহত রিফাতের   স্ত্রী মিন্নি প্রথম দিকে মামলার  প্রধান সাক্ষী ছিলেন পরবর্তীকালে তাকে এ মামলার আসামি করা হয়। রায়ের বিরুদ্ধে উচ্চ  আদালতে আপিল করবেন  তারা  উল্লেখ্য ২০১৯ সালের ২৬ জুন বরগুনার কলেজ রোডে প্রকাশ্যে কুপিয়ে হত্যা করা হয় ।রিফাত কে  ওই বছরে ২ জুলাই হত্যাকাণ্ডের প্রধান সন্দেহ ভাজন সাব্বির  ওরফে নয়ন বন্ড পুলিশের সঙ্গে এনকাউন্টারে মারা যায়।  এদিকে সরকার প্রমাণ করতে পেরেছে যে এই বন্ড  মিন্নি  যুক্ত ছিল।
TURKEY SYRIA EARTHQK,TURKEY SYRIA EARTHQK_A,গত সোমবার ভোর চারটা ১৭ মিনিটে তুরস্ক ও সিরিয়া সীমান্তবর্তী অঞ্চলে আঘাত হানে শক্তিশালী ভূমিকম্প ভূমিকম্পের মাত্রা ছিল ৭  দশমিক ৮ ।এতে দুই  দেশেই ধসে পড়েছে হাজার হাজার ভবন।  ভূমিকম্পে আহতদের সংখ্যা ও বাড়ছে।  আবার মৃতের সংখ্যাও বাড়ছে। তুরস্কের প্রেসিডেন্ট রিসেট তাইয়ে এরদোয়ান ১০ টি প্রদেশে তিন মাসের জরুরি অবস্থা ঘোষণা করেছেন।  হিম শীতল আবহাওয়ায় উদ্ধার কাজ ব্যাহত হচ্ছে। পাশাপাশি উদ্ধার তৎপরতার সরকারি ব্যর্থতাও রয়েছে।  বিশেষজ্ঞরা বলেছেন ভূমিকম্পের পর উদ্ধার কাজের জন্য ৭২ ঘন্টা গুরুত্বপূর্ণ।  সিরিয়ার  বিদ্রোহী নিয়ন্ত্রিত  এলাকায় উদ্ধার কাজে নেতৃত্ব দিচ্ছে স্বেচ্ছাসেবী সংগঠন হোয়াইট হেলমেটস।  উদ্ধার কাজে তারা আন্তর্জাতিক সহায়তার জন্য আবেদন  জানিয়েছেন।
TURKEY SYRIA EARTHQK,TURKEY SYRIA EARTHQK_B,"তুরস্কে ভূমিকম্প ক্ষতিগ্রস্ত শহর থেকে বাংলাদেশীদের রাজধানী আংকার আয় সরিয়ে নেওয়া হয়েছে ।একুশ জন বাংলাদেশিকে আনকা রায় আনা হয়েছে । তারা অন্য বাংলাদেশী পরিবারের সদস্যদের সঙ্গে থাকবেন ।তাদের জন্য দূতাবাস ভাত মুরগির মাংস,  আলু ভর্তা দিয়ে খাবারের ব্যবস্থা করেছে । দূতাবাসের পাশাপাশি তুরস্কের বাংলাদেশ শিক্ষা ও সংস্কৃতি অ্যাসোসিয়েশনের সদস্যদের প্রতিও কৃতজ্ঞতা জানান এই বাংলাদেশিরা ।আংকার আয় বাংলাদেশ দূতাবাসের দেওয়া তথ্য বলছে তুরস্কের ৫ থেকে ৭ হাজার বাংলাদেশী বসবাস করছেন ।বাংলাদেশ কনসিলেট জেনারেল তুরস্কের দক্ষিণাঞ্চলে ভয়াবহ ভূমিকম্পে ব্যাপক হতাহতের ঘটনায় গভীর শোক প্রকাশ করেছেন নাম  প্রকাশে অনিচ্ছুক ।বাংলাদেশ পররাষ্ট্র মন্ত্রণালয়ের একজন জ্যৈষ্ঠ কর্মকর্তা জানান তাৎক্ষণিকভাবে ভূমিকম্পের পরপর বাংলাদেশ তুরস্কে  দুই হাজার তাবু,  কয়েক হাজার কম্বল,  শুকনা খাবার,  ঔষধ মেডিকেল টিমসহ ৬১ সদস্যের উদ্ধারকারী দল পাঠিয়েছে । নতুন করে তুরস্ক পররাষ্ট্র মন্ত্রণালয় বাংলাদেশের কাছে আরো দশ হাজার তাবু চাওয়ার পর বিষয়টি  সর্বোচ্চ মহলে অবহিত করা হয়েছে ।"
